{
    "DataVersion": 0,
    "Entities": [
        {
            "id": "{47d505bf-69da-4d0b-b6f2-2688fff1f5d0}",
            "type": "Zone",
            "name": "Zone.Sky",
            "lastEdited": 1712247256066013,
            "created": 1712247256066013,
            "clientOnly": false,
            "avatarEntity": false,
            "localEntity": false,
            "isFacingAvatar": false,
            "faceCamera": false,
            "grab": {
                "grabbable": false,
                "equippableLeftRotation": {
                    "x": 0,
                    "y": 0,
                    "z": 0,
                    "w": 1
                },
                "equippableRightRotation": {
                    "x": 0,
                    "y": 0,
                    "z": 0,
                    "w": 1
                }
            },
            "damping": 0.0,
            "angularDamping": 0.0,
            "position": {
                "x": -0.19850435853004456,
                "y": 0.2174999937415123,
                "z": 3.9999998807907104
            },
            "dimensions": {
                "x": 40.7546483874321,
                "y": 40.01500000059605,
                "z": 40.36389470100403
            },
            "rotation": {
                "x": 0.0,
                "y": 0.0,
                "z": 0.0,
                "w": 1
            },
            "queryAACube": {
                "x": -0.5758285522460938,
                "y": -0.1598241999745369,
                "z": 3.6226756870746613,
                "scale": 0.7546483874320984
            },
            "shapeType": "box",
            "skybox": {
                "url": "",
                "color": {
                    "red": 87,
                    "green": 255,
                    "blue": 246
                }
            },
            "skyboxMode": "enabled",
            "ambientLightMode": "enabled",
            "ambientLight": {
                "ambientIntensity": 0.5,
                "ambientURL": ""
            },
            "keyLightMode": "enabled",
            "keyLight": {
                "direction": {
                    "x": 0.0,
                    "y": -0.7071067094802856,
                    "z": 0.7071068286895752
                }
            },
            "intensity": 1.0,
            "castShadows": false,
            "shadowBias": 0.5,
            "shadowMaxDistance": 40.0
        },
        {
            "id": "{c2e4eeb1-18f8-40bd-9cb7-b864503a7224}",
            "type": "Box",
            "name": "Cube.ChessBoard",
            "lastEdited": 1712247256066013,
            "created": 1712247256066013,
            "clientOnly": false,
            "avatarEntity": false,
            "localEntity": false,
            "script": "https://raw.githubusercontent.com/keeshii/overte-scripts/master/chess/source/chess-client.js",
            "serverScripts": "https://raw.githubusercontent.com/keeshii/overte-scripts/master/chess/source/chess-server.js",
            "isFacingAvatar": false,
            "faceCamera": false,
            "grab": {
                "grabbable": false,
                "equippableLeftRotation": {
                    "x": 0,
                    "y": 0,
                    "z": 0,
                    "w": 1
                },
                "equippableRightRotation": {
                    "x": 0,
                    "y": 0,
                    "z": 0,
                    "w": 1
                }
            },
            "damping": 0.0,
            "angularDamping": 0.0,
            "position": {
                "x": 0.19850437056226244,
                "y": 7.450580596923828e-09,
                "z": 1.1920928955078125e-07
            },
            "dimensions": {
                "x": 0.3576396405696869,
                "y": 0.015000000596046448,
                "z": 0.3576396405696869
            },
            "rotation": {
                "x": 0.0,
                "y": 0.0,
                "z": -0.0,
                "w": 1.0
            },
            "queryAACube": {
                "x": -0.17881980538368225,
                "y": 0.038680173456668854,
                "z": 3.821180060505867,
                "scale": 0.3576396405696869
            },
            "shape": "Cube",
            "color": {
                "red": 42,
                "green": 3,
                "blue": 0
            },
            "parentID": "{47d505bf-69da-4d0b-b6f2-2688fff1f5d0}"
        },
        {
            "id": "{95b747f2-b6ba-48fa-aea1-6a7e706a2e5d}",
            "type": "Text",
            "name": "Text.ChessButton",
            "lastEdited": 1712247256066013,
            "created": 1712247256066013,
            "clientOnly": false,
            "avatarEntity": false,
            "localEntity": false,
            "isFacingAvatar": false,
            "faceCamera": false,
            "grab": {
                "grabbable": false,
                "equippableLeftRotation": {
                    "x": 0,
                    "y": 0,
                    "z": 0,
                    "w": 1
                },
                "equippableRightRotation": {
                    "x": 0,
                    "y": 0,
                    "z": 0,
                    "w": 1
                }
            },
            "damping": 0.0,
            "angularDamping": 0.0,
            "position": {
                "x": -0.31078705191612244,
                "y": 0.00036565959453582764,
                "z": -0.0
            },
            "dimensions": {
                "x": 0.27087655663490295,
                "y": 0.07902620732784271,
                "z": 0.01
            },
            "rotation": {
                "x": -0.5,
                "y": 0.5,
                "z": 0.5,
                "w": 0.4999999701976776
            },
            "queryAACube": {
                "x": -0.4462253749370575,
                "y": 0.08242733776569366,
                "z": 3.8645617961883545,
                "scale": 0.2708766460418701
            },
            "text": "",
            "lineHeight": 0.05000000074505806,
            "alignment": "center",
            "topMargin": 0.019999999552965164,
            "textColor": {
                "red": 236,
                "green": 236,
                "blue": 236
            },
            "backgroundColor": {
                "red": 17,
                "green": 106,
                "blue": 162
            },
            "parentID": "{c2e4eeb1-18f8-40bd-9cb7-b864503a7224}"
        },
        {
            "id": "{115a1cac-916d-4a87-a1fd-5554cb7cab29}",
            "type": "Text",
            "name": "Text.ChessMessage",
            "lastEdited": 1712247256066013,
            "created": 1712247256066013,
            "clientOnly": false,
            "avatarEntity": false,
            "localEntity": false,
            "isFacingAvatar": false,
            "faceCamera": false,
            "grab": {
                "grabbable": false,
                "equippableLeftRotation": {
                    "x": 0,
                    "y": 0,
                    "z": 0,
                    "w": 1
                },
                "equippableRightRotation": {
                    "x": 0,
                    "y": 0,
                    "z": 0,
                    "w": 1
                }
            },
            "damping": 0.0,
            "angularDamping": 0.0,
            "position": {
                "x": -0.474910169839859,
                "y": 0.00036565959453582764,
                "z": -0.0
            },
            "dimensions": {
                "x": 0.36389485001564026,
                "y": 0.20183677971363068,
                "z": 0.01
            },
            "rotation": {
                "x": -0.5,
                "y": 0.5,
                "z": 0.5,
                "w": 0.4999999701976776
            },
            "queryAACube": {
                "x": -0.6568575203418732,
                "y": 0.03591831028461456,